number of users,addDID,addIssuer,createCred,delegateRight,verifyCred
25,0.9299999999999999,1.335,1.55,2.13,0.20500000000000002
50,1.39,0.925,1.19,1.1600000000000001,0.41000000000000003
75,1.35,0.94,1.045,1.045,0.32
100,1.77,1.325,1.52,1.35,0.615
125,3.6450000000000005,5.895,4.26,4.06,3.035
150,2.5149999999999997,3.91,4.335,9.6,0.77
