number of attributes,RoundTripTime (s)
4,11.45
16,12.14
32,12.473333333333333
64,12.296666666666667
128,12.07
