number of users,addDID,addIssuer,createCred,delegateRight,verifyCred
25,9.45,7.550000000000001,8.15,8.45,70.0
50,14.5,35.45,14.55,14.399999999999999,72.0
75,24.25,17.05,23.5,25.0,47.5
100,19.2,27.0,19.3,18.65,43.45
125,15.450000000000001,11.8,14.7,11.95,20.1
150,22.700000000000003,17.75,15.25,10.55,29.4
